,index,propertyCode,numPhotos,floor,price,propertyType,operation,size,exterior,rooms,bathrooms,address,municipality,district,neighborhood,url,distance,description,hasVideo,status,hasLift,priceByArea,hasPlan,parkingSpace
93,43,99823402,19,3,800.0,flat,rent,70.0,True,1,1,CERA,Barcelona,Ciutat Vella,El Raval,https://www.idealista.com/inmueble/99823402/,1092,"Encantador piso en la emblematica c/cera a un paso del paralelo. La vivienda dispone de una gran habitacion de matrimonio con armario empotrado, baño y cocina americana reformados de hace pocos años, gran recibidor y un balcon a la misma calle.",False,good,False,11.0,False,
11,11,100008352,14,,890.0,flat,rent,65.0,True,2,1,Avenida de la Mare de Déu de Montserrat,Barcelona,Horta Guinardó,El Guinardó,https://www.idealista.com/inmueble/100008352/,3919,"Piso de 63m² con 2 dormitorios (1 doble), salón/comedor independiente luminoso, cocina amueblada tipo office, 1 baño completo, suelos de gres y armario empotrado. Piso luminoso y sin amueblar. Gastos de comunidad incluidos en el precio de la renta. Finca con ascensor. Transporte: Metro L4 y L5 Maragall a 3 min, Líneas de Bus D40 y N6 a pie de calle. No se aceptan animales. El Índice de referencia de precios de alquiler es de área inferior: 8,00 €/ m2; media: 10,00 €/ m2; área superior: 12,00 €/ m2.",False,good,True,14.0,False,
72,22,93361096,20,2,900.0,flat,rent,74.0,True,2,1,Calle Industria,Barcelona,Eixample,La Sagrada Família,https://www.idealista.com/inmueble/93361096/,2755,"Piso de dos habitaciones ( 1 doble, 1 individual) y un despacho. Reformado, en perfecto estado, los suministros de alta. Sin ascensor, segundo piso. Ven a verlo! Dreta de l'Eixample es un barrio concurrido que se caracteriza por sus anchas avenidas con edificios de apartamentos modernistas y edificios emblemáticos del arquitecto Antoni Gaudí, como la Sagrada Familia, la casa Batlló y la Pedrera. Las boutiques internacionales y los restaurantes de lujo abundan en el Passeig de Gràcia y la Rambla de Catalunya. En la Plaça de Catalunya hay grandes almacenes, cafeterías con terraza y distintos medios de transporte.",False,good,False,12.0,False,
84,34,99944683,14,1,900.0,flat,rent,65.0,True,2,1,barrio Santa Eulàlia,Hospitalet de Llobregat,Santa Eulàlia,Santa Eulàlia,https://www.idealista.com/inmueble/99944683/,4732,"Vivienda nueva a estrenar de 65m² construidos, distribuida en dos plantas: Planta baja con acceso directo, dispone de comedor-cocina, habitación de matrimonio con armario empotrado y cuarto de baño con plato de ducha y mampara.  Planta superior tipo estudio ideal para montar despacho/habitación.  Con acabados de buena calidad, carpintería exterior de aluminio climalit, interior lacado en blanco y suelo de parquet.  La Plaza Europa es el corazón del distrito económico Gran Vía II, con una ubicación inmejorable a las puertas de Barcelona. Un espacio diferente, con edificios realizados por prestigiosos arquitectos, con amplias zonas verdes donde conviven en un espacio de diseño grandes edificios residenciales y de oficinas con una comunicación inmejorable. A diez minutos de puerto, aeropuerto, playas, centro ciudad. Un espacio único en Barcelona que lo hace inmejorable para vivir. NO SE ADMITEN MASCOTAS. OPERACIÓN SUJETA A ESTUDIO VIABILIDAD ECONÓMICA, SEGURO PROTECCIÓN PAGOS. TOTAL GASTOS: 2 MESES DE FIANZA + MES EN CURSO + HONORARIOS INMOBILIARIA + GASTOS DE CONTRATO Index R. P. LL. Area inferior 12.32€/ m²- Mig 13.67€/ m²- Area superior 17.97€/ m².",False,good,True,14.0,False,
54,4,98430387,9,bj,910.0,flat,rent,77.0,True,2,1,"Calle del Montseny, 2",Hospitalet de Llobregat,La Torrasa,La Torrasa,https://www.idealista.com/inmueble/98430387/,4275,"¡Sin comisiones de agencia! VIVIENDA NO AMUEBLADA. Luminosa vivienda de 2 dormitorios con plaza de parquing, totalmente exterior, finca con ascensor.  Muy luminoso, tiene luz todo el día. La ubicación es excepcional, al lado del metro, que contacta directamente con Barcelona y el aeropuerto (L1, L10, L9 y L5) y autobuses que te llevarán también a Barcelona y al resto de Hospitalet y cercanías. Si necesitas desplazarte con coche, vas a estar a la lado de Rondas y autopistas, por lo que también será muy cómodo tu acceso a estas vías. También tienes en los alrededores colegios, CAP, zonas verdes, mercados y zonas lúdicas y deportivas, por lo que tendrás los servicios necesarios cubiertos y la ventaja de que no te vas a aburrir. La vivienda cuenta con buenos acabados, suelos de gres, calefacción por conductos y carpintería de aluminio tipo Climalit. Consulta condiciones y disponibilidad. Sin comisiones de agencia. La vivienda publicada y sus imágenes pueden no corresponderse a la disponibilidad real. REQUISITOS Un mes de fianza. Seguro de impago de rentas (¡sin avales ni otras garantías adicionales! ) Seguro del Hogar. Acreditar solvencia.",False,good,True,12.0,False,"{'hasParkingSpace': True, 'isParkingSpaceIncludedInPrice': True}"
32,32,84261621,23,1,950.0,flat,rent,74.0,True,1,1,"Calle de Tapioles, Barcelona",Barcelona,Sants-Montjuïc,El Poble Sec - Parc de Montjuïc,https://www.idealista.com/inmueble/84261621/,1764,"Agradable dúplex de 74m2 exterior a la calle en Poble Sec.  En la planta de abajo tenemos dos espacios diferenciados para el dormitorio y el salón.  El salón es amplio y luminoso con muchas posibilidades de distribución.  La cocina está integrada al salón y tiene: nevera, lavadora, lavaplatos y horno.  El baño es con ducha.  En la planta de arriba hay espacio para otra habitación con una altura de 1,20m.  Calefacción y aire acondicionado por Split.  Suelo de parquet.  Ventanas de aluminio.  Todos los servicios en la zona. A5.",True,good,False,13.0,False,
57,7,99170211,13,bj,950.0,flat,rent,79.0,False,2,1,"Calle Banyoles, 9",Barcelona,Gràcia,Vila de Gràcia,https://www.idealista.com/inmueble/99170211/,2065,"Tiene un amplio salón-comedor, 2 habitaciones (una doble y la otra individual) y un baño con plato de ducha, todos los suministros dados de alta. Vivienda de 69 metros situada en la zona de la Vila de Gràcia, en calle Banyoles, a una calle del Eixample, pudiendo disfrutar de lo mejor del Eixample y del barrio de Gràcia. Ideal para parejas. Disponible para entrar a vivir a partir del 1 de febrero (visitas ya). A 500 metros de Diagonal con Passeig de Gràcia y cerca del Metro fontana, Verdaguer i Joanic. Condiciones: 1 meses de Fianza mes en curso Honorarios de agencia: una mensualidad +IVA. Me podéis llamar al 0034 66 33 1 88 44 o mandarme un whatsapp, estaré encantada en ayudaros  (Judit González).",False,good,True,12.0,False,
56,6,86442556,24,4,950.0,flat,rent,72.0,False,2,1,Oliana,Barcelona,Sarrià-Sant Gervasi,Sant Gervasi - Galvany,https://www.idealista.com/inmueble/86442556/,2759,"El piso consta de 2 habitaciones dobles con armario empotrados y una con balcón. Cocina equipada de gas en buen estado, el baño es amplio y está nuevo a estrenar. Excelente orientación, muy luminoso. Piso sin pasillos, sin metros perdidos muy aprovechable y con amplio salón. Piso ubicado en el centro de Barcelona. Al lado de la calle Aribau pero con la tranquilidad de una calle semipeatonal. Excelentes comunicaciones y comercios de todo tipo a tiro de piedra.",False,good,True,13.0,False,
27,27,99975429,25,4,975.0,penthouse,rent,60.0,True,2,1,Calle del Santuari,Barcelona,Horta Guinardó,El Carmel,https://www.idealista.com/inmueble/99975429/,4484,"AICAT 7252- Inmobiliaria Àncora ATENDEMOS SOLICITUDES POR WHATSAPP. CONTACTO: + 34 664 454 436 Para más información contacte con nuestro equipo comercial, atenderemos todas las solicitudes pero daremos prioridad a aquellas en las que se nos facilite un teléfono de contacto. Visita nuestra área privada accediendo a través de nuestro logo en este mismo anuncio para poder ver el resto de nuestra cartera de inmuebles. Horta Guinardó- En alquiler vivienda lista para entrar a vivir.  Ático con terraza privada y vistas inmejorables panorámicas de Barcelona (cuidad, mar y montaña).  Ubicado a 5 min de la entrada del Park Güell, en la mejor calle de la zona, a 15 min de Vallcarca/Lesseps. 5 lineas de bus justo debajo del piso. metro a 7 min del metro Coll/Texonera. Cap, colegios, supermercados al lado.  Piso todo exterior con mucha luz natural.  Cocina americana y salón con salida a la terraza.  Un cuarto de baño con bañera.  2 dormitorios (uno doble y uno individual con muebles a medida).  Cocina equipada con nevera, lavaplatos, horno, fuegos de gas y lavadora.  Con muy buena comunidad. Se requiere inquilino respetuoso de la vivienda y de los vecinos. 4ª planta en finca sin ascensor.   ¡No dude en contactarnos para mayor información! Sigue todas las novedades en nuestro Instagram @ancorainmobiliaria.",True,good,False,16.0,False,
44,44,99888735,21,5,980.0,penthouse,rent,75.0,True,1,1,Calle de Sant Salvador,Barcelona,Gràcia,Vila de Gràcia,https://www.idealista.com/inmueble/99888735/,3036,"Vila de Gracia. En bonita finca de piedra, encontramos este precioso ático, con vistas panorámicas a mar y ciudad. 50 m2 útiles de vivienda con terraza privativa de 25 m2.  La terraza esta equipada con mesa de exterior, con sillas y parasol.  Es exterior delante a la terraza y detras desde el amplio salón comedor, con cocina integrada se puede disfrutar de horas de sol y mucha luz a través de sus grandes ventanales.  Desde la habitación se accede a la terraza y también desde el pasillo de entrada a la vivienda. Cocina office equipada con lavadora y nevera. Baño completo con bañera. Vivienda totalmente exterior, con horas de sol todo el año.  Aire acondicionado. Servicios dados de alta. Gastos comunitarios incluídos en el precio.  5º real de altura en finca sin ascensor.  El inmueble y la terraza se entregan con pintura a estrenar.",False,good,False,13.0,False,
18,18,100002110,20,2,990.0,flat,rent,60.0,True,2,1,Calle del Tinent Flomesta,Barcelona,Sants-Montjuïc,Sants,https://www.idealista.com/inmueble/100002110/,3741,"Pueden contactar por WhatsApp +34 629507840 FANTÁSTICO PISO DE OBRA NUEVA A ESTRENAR DE 55 m2! A3Domus tiene el placer de presentarles este piso de 50 m² totalmente reformado con materiales de alta calidad en el corazón de Sants. En calle PEATONAL. Finca con ascensor. Situación inmejorable: rodeado de comercios y servicios. Muy buena comunicación con transporte público. A 5m de la calle comercial más extensa de la ciudad (ctra de Sants), 10m estación de Sants y 15m en coche al Aeropuerto. Al lado del Mercado de Sants Consta de:  - Salón comedor,  - 2 habitaciones: una doble y una individual,  - Cocina independiente,  - Baño con plato de ducha y mampara.    Destacamos de este precioso piso la reforma con materiales de calidad, la finca tranquila en que se encuentra y la calidez del mismo. Condiciones económicas (no negociables): - Mes en curso: 990 € - 3 mensualidades en concepto de fianza: 2.970 € - Sin gastos comerciales - La vivienda se entrega limpia y recién pintada y con los suministros dados de alta. Visita este piso si lo que necesitas es una vivienda a estrenar, tranquila y bien comunicada! Contacta con nosotros para solicitar más información: A3DOMUS.",False,good,True,17.0,True,
36,36,99996051,16,1,1000.0,flat,rent,98.0,True,2,1,Llavines,Hospitalet de Llobregat,Collblanc,Collblanc,https://www.idealista.com/inmueble/99996051/,4991,"Excelente vivienda de dos habitaciones y con una gran terraza privada de 50m2. La finca es sin ascensor. Se distribuye en una primera estancia, con un espacioso salón-comedor, luminoso de 28m2, con salida a la gran terraza privada de 50m2. Consta de una cocina amueblada con gran capacidad de almacenaje y sin equipar. Tiene 1 baño completo. Dispone de dos habitaciones dobles. DISPONIBLE PARA ENTRADA INMEDIATA.  Edificio pequeño con 5 vecinos tranquilos, calle semi-peatonal con árboles y pájaros, residencial, todo lo necesario a proximidad: CAP, supermercados (incluye Lidl), biblioteca, farmacia, escuela, panadería y carnicería.. . y todo tipo de transporte público a pie de calle.",True,good,False,10.0,True,
74,24,99756795,18,6,1000.0,penthouse,rent,80.0,True,2,1,Mare de Deu del port,Barcelona,Sants-Montjuïc,La Marina del Port,https://www.idealista.com/inmueble/99756795/,3962,"Acogedor ático duplex muy luminoso. Dispone de un salón comedor con salida directa a terraza con vistas, una habitación doble exterior con salida a terraza, habitación individual, baño completo y habitación individual -despacho en la planta de arriba. Fantástica ubicación en la zona Franca, a escasos metros de la Plaça Cerda y Gran via, perfectamente comunicado mediante transporte público a cualquier punto de la ciudad. El piso se entrega recién pintado y SIN amueblar.",False,good,True,13.0,False,
95,45,31452628,10,4,1000.0,flat,rent,65.0,False,2,1,barrio El Poblenou,Barcelona,Sant Martí,El Poblenou,https://www.idealista.com/inmueble/31452628/,3435,"¡Gran Oportunidad! Excelente PISO en EL POBLENOU. Dispone de 2 dormitorios, baño, cocina, salón-comedor y aire acondicionado/bomba de calor Condiciones: -Contrato: 7 años - Fianza: 2 meses -Honorarios Administrativos: no tiene.",False,good,True,15.0,False,
81,31,99879494,9,bj,1050.0,flat,rent,65.0,True,1,1,"Pujol, 5 -7",Barcelona,Sarrià-Sant Gervasi,Sant Gervasi - La Bonanova,https://www.idealista.com/inmueble/99879494/,3747,Apartamento de 1 habitación completamente reformado a estrenar. Acabados de máxima calidad en cocina y baño Parket Aire acondicionado Calefacción por radiadores individuales a gas Carpintería con doble vidrio Persianas eléctricas Salón de 25 m² Cocina office de 9 m² Habitación muy espaciosa de 12 m² Habitación despensa independiente Galería de uso propio de 10 m² Calle muy tranquila (semipeatonal) Finca y vestíbulo en perfecto estado.,False,good,True,16.0,False,
14,14,99836096,24,1,1099.0,flat,rent,81.0,True,2,1,Calle de Puerto Príncipe,Barcelona,Sant Andreu,El Congrés i els Indians,https://www.idealista.com/inmueble/99836096/,4144,"Apartamento 81 m² en Barcelona, Barcelona PISO SEMINUEVO EN ALQUILER Piso práctico ubicado en la planta baja de finca seminueva del 2017.  Espacios muy bien aprovechados.  NO INCLUYE MUEBLES Se compone de 2 habitaciones dobles. La de matrimonio con armario empotrado. Un baño bastante amplio con plato de ducha y armario con lavadora y secadora incluidas.  Cocina full equipada y semi abierta a amplio salón-comedor.  Piso exterior con entrada de luz. No cuenta con balcón ni terraza. Pero en el terrado existe terraza comunitaria para uso de los vecinos, donde cada piso cuenta con cajón de huerto urbano para cultivar tomates, pimientos u otros.  Ubicado en zona tranquila, a una calle de plaza Maragall, del CAP, supermercados y con todos los servicios al lado. Muy cerca de la línea de metro y excelente conexión en transporte privado. Contacta para más información.",False,good,True,14.0,True,
25,25,100014666,15,3,1100.0,flat,rent,70.0,True,2,1,Calle de la Diputació,Barcelona,Eixample,La Nova Esquerra de l'Eixample,https://www.idealista.com/inmueble/100014666/,1839,"Este piso se encuentra en la zona de L'esquerra eixample. En el área hay todo tipo de servicios como ocio, colegios, transporte público, supermercados, etc. La vivienda se distribuye en dos dormitorios dobles interiores y una pequeña estancia ideal como despacho o espacio de almacenaje.  Tiene una cocina en perfecto estado y con amplitud que es forma alargada.  Tiene un baño amplio que se situa junto a las habitaciones y el salón.  El salón es amplio y luminoso y tiene un pequeño balcón soleado.  Para visitas, DEJAR UN WHATSAPP en el 677 46 95 41 y le atenderemos en la mayor brevedad. CEE: M66XQSBSH.",False,good,True,16.0,False,
67,17,86814419,15,bj,1100.0,flat,rent,70.0,False,1,1,"Mata, 19",Barcelona,Sants-Montjuïc,El Poble Sec - Parc de Montjuïc,https://www.idealista.com/inmueble/86814419/,1424,"Apartamento nuevo a estrenar en una pequeña finca completamente rehabilitada. Finca con ascensor. Acabados super bonitos y modernos. El apartamento tiene unos acabados muy bonitos con parte de las paredes en mahon visto y techo con voltas catalanas. El apartamento tiene un gran salón comedor que se abre a una cocina completamente equipada con horno, lavavajillas, gran nevera y lavadora-secadora. El baño con suelo hidráulico tiene una gran ducha con mampara y un lavamanos de diseño. Espejo con luz. Habitación doble con una gran cama y armarios que dá a una patio. Ventanas de doble vidrio de aluminio. Suelo de parquet. Aire acondicionado con frío y calor. Calle súper tranquila pero muy cerca de las callecitas de Poble Sec llenas de restaurantes y comercio. Un mercadona muy cerca. Muy cerca de parada de Metro Paralel L3-L2. Muy cerca de Ronda del Litoral. Suministros (agua y luz) no incluidos en el precio.",False,good,True,16.0,False,
88,38,99470949,18,en,1100.0,flat,rent,60.0,True,1,1,Calle Enrique Granados,Barcelona,Eixample,L'Antiga Esquerra de l'Eixample,https://www.idealista.com/inmueble/99470949/,990,"Entresuelo de 58m2 útiles reformado, salón comdor con cocina integrada exterior, habitación doble con armario empotrado interior con aire acondicionado.",False,good,True,18.0,False,
15,15,99269055,17,2,1100.0,flat,rent,68.0,True,2,1,GRAN VIA DE L'HOSPITALET,Hospitalet de Llobregat,Granvia L-H,Gran Via L-H,https://www.idealista.com/inmueble/99269055/,4328,"INDISPENSABLE REUNIR LAS CONDICIONES MENCIONADAS Piso en Gran Vía de l'Hospitalet sin amueblar, frente la Ciudad de la Justicia en calle muy tranquila.  La vivienda se distribuye en 2 dormitorios dobles, luminoso salón comedor con sol de mañanas, cocina con salida a galería cerrada, un cuarto de baño completo, amplio y elegante en la zona de habitaciones. El piso está recién reformado y con excelentes acabados. En este inmueble se realiza un Seguro de Impago por lo que es imprescindible la siguiente documentación: -DNI/NIE -Tres últimas nóminas. -Contrato laboral indefinido con más de un año de antigüedad. -Los ingresos de los inquilinos deben superar los 2.800€ mensuales. Se solicita un mes de fianza más otro mes de garantía adicional.  Honorarios de Agencia aparte. (10% Anualidad+IVA)+Contrato. Ubicado frente a la Ciudad Judicial, en una zona que está creciendo en importancia y valor, con la Fira de Barcelona y Plaza Europa muy cercanas y a tan solo dos minutos a pie del centro Comercial Gran Vía 2. Cuenta con varias escuelas públicas y concertadas, en la misma zona, al menos 4 parques en los alrededores, centros comerciales, biblioteca pública, centros de salud, todo tipo de comercio, servicios y comunicaciones de todo tipo, FGC, metro y hasta 12 líneas de bus entre ellas el V3, H12, 46, L70, etc. lo que permite una perfecta comunicación con el centro de Barcelona y Aeropuerto. Eritage Solutions S. L. actúa en calidad de profesional cualificado y colegiado, y dispone de seguros de garantía y responsabilidad civil para proteger al consumidor: - AICAT (Agente Inmobiliario de Cataluña): 9523 - Colegiado API (Agente de la Propiedad Inmobiliaria): A12589 Como cliente, te recomendamos que exijas siempre a tu intermediario el cumplimiento de las obligaciones, garantías y normativas vigentes. En Eritage Solutions encontrarás un servicio de intermediación inmobiliaria cercano, ético y transparente. Trabajamos para ti.  Para mas Información no dudes en contactarnos al: Whatsapp +34937968255 Encuéntranos en:  Calle Aribau 308, Barcelona Granvia del L´Hospitalet 33, Hospitalet Calle Trangòl, Torredembarra Nuestra meta es lograr tus objetivos, representarte y protegerte jurídicamente.",True,good,True,16.0,True,
17,17,99947870,27,,1100.0,flat,rent,60.0,True,1,1,barrio Vila de Gràcia,Barcelona,Gràcia,Vila de Gràcia,https://www.idealista.com/inmueble/99947870/,2599,"Este acogedor apartamento tipo loft está ubicado en una finca antigua con orientación norte. La vivienda se trata de un solo ambiente. Al entrar nos encontramos con un pasillo largo que nos dirige a un salón-comedor a dos niveles con salida a un balcón de 4m2 con vistas al patio interior. A mano derecha, disponemos de una cocina equipada con horno, nevera y lavadora. La zona de noche consta de un dormitorio y un baño completo con plato de ducha. Se entrega sin amueblar, pero con sistema de aire acondicionado de frío y calor por Split. Acabados de suelos de gres, techos altos, vigas vistas, y acristalamiento doble en ventanas. Luminoso, tranquilo y bien comunicado. Gastos de comunidad e IBI incluidos.  Se encuentra en plena Vila de Gràcia, muy próximo a Plaça Lesseps y a la Plaça del Diamant, una zona tranquila y a la vez llena de vida con todos los servicios cercanos. Zona inmejorable en cuanto al transporte público, que nos permite desplazarnos con facilidad a diferentes puntos de la ciudad. ZONA: Gràcia - La Vila de Gràcia. TRANSPORTE PÚBLICO: Metro (L3 - Fontana), FGC, Bicing, Bus. ÍNDICE: 15.74 €/m2.",False,good,,18.0,False,
31,31,99459323,21,2,1100.0,penthouse,rent,60.0,True,1,1,"Calle dels Jocs Florals, 101",Barcelona,Sants-Montjuïc,Sants,https://www.idealista.com/inmueble/99459323/,3460,"Espectacular ÁTICO REFORMADO, AMUEBLADO Y EQUIPADO CON TERRAZA PRIVADA en el barrio de Sants. En zona muy tranquila. Gran espacio diáfano MUY LUMINOSO con techos altos y vigas de madera restauradas. Salón comedor con BALCÓN A CALLE, cocina americana equipada con nevera, horno, vitro, lavadora y menaje. Baño completo con ducha. Armarios empotrados y altillo, y galería para zona de lavado con balcón para tender. Terraza privada de 42 m² en la planta superior a 4 VIENTOS con toma de agua, toldo y amueblada. Suelos de parquet, ventilador tipo colonial en el techo y calefacción por radiadores. El piso se encuentra en una segunda planta en edificio SIN ASCENSOR, en la calle Jocs Florals, entre las calles Burgos y Sagunto, con todas las comunicaciones y servicios. Metro L1-Mercat Nou, L1 y L5 Plaça de Sants y a 10 minutos caminando de Plaça Espanya. DISPONIBILE FINALES DE NOVIEMBRE 2022. Se solicitan dos meses de fianza. Más inmuebles en BCNLIVING. ES.",False,good,False,18.0,False,
34,34,89659249,29,2,1100.0,flat,rent,72.0,True,1,1,"Calle de Muntadas, 8",Barcelona,Sants-Montjuïc,Sants,https://www.idealista.com/inmueble/89659249/,2930,"Espectacular piso de diseño a 5 minutos de Sants Estacio. !  Visita el tour virtual. ! Este piso consta de 72 m2 muy bien distribuidos. 1 habitación de 15 m2 con vestidos incluido Salón comedor espacioso, con mucha luz natura y vista a un parque. Cocina completamente equipada con materiales de primera calidad Lavadora y secadora Baño con ducha muy espacioso Finca con ascensor Posibilidad de parking a 30 metros del piso Piso perfecto para parejas o alguien que quiera vivir en un piso con estilo.  Mas información contacte con nosotros...!",False,good,True,15.0,False,
30,30,100012347,19,5,1100.0,flat,rent,80.0,True,2,1,Calle de Travessera de Dalt,Barcelona,Gràcia,Vila de Gràcia,https://www.idealista.com/inmueble/100012347/,3136,"DISPONIBLE YA! Recien reformado. Sin muebles, con electrodomesticos (sin lavadora). Magnifica vivienda ubicada en la parte alta del barrio de Gràcia, concretamente en la popular Plaça Lesseps. En una zona bien residencial. Rodeada de todo tipo de tiendas, bares, restaurantes, supermercados, escuelas, gimnasios y zonas de Ocio publicas. Bien comunicado con medios de transportes (metro, autobuses, bici). Ubicado en un edificio residencial con ascensor, distribuido en 79 metros cuadrados con 2 dormitorios y un baño. El salón comedor con ventanas exteriores a la calle, amplio espacio para poner los muebles (sofá, mesa de comedor con sillas, mueble de TV). La cocina independiente con varios electrodomésticos (Horno, cocina de fuegos y caldera de agua caliente y calefacción), tiene la toma para poner la lavadora. Los 2 dormitorios (1 doble y 1 individual muy amplios) con ventanas exteriores. Cuenta con espacios para poner los respectivos muebles de cada dormitorio. El baño completo en muy buen estado, con mueble de lavabo y espejo, con plato de ducha con mampara.",False,good,True,14.0,False,
60,10,91412520,25,2,1150.0,flat,rent,65.0,True,2,1,Calle de Sardenya,Barcelona,Gràcia,El Camp d'En Grassot i Gràcia Nova,https://www.idealista.com/inmueble/91412520/,2534,"Piso reformado de 65m² aprox. en alquiler en calle Sardenya. Dispone de amplio y luminoso salón comedor exterior a calle con cocina americana integrada y equipada con campana extractora, vitrocerámica y horno (NO dispone de nevera ni lavadora). Lavadero. 2 habitaciones dobles exteriores. Baño completo con plato de ducha y mampara. Vivienda recién reformada con los mejores materiales, suelo porcelánico simulación madera, carpintería exterior de aluminio con doble cristal. Finca en perfecto estado de conservación con ascensor. ****DISPONIBLE A PARTIR DEL 01/01/2023**** Zona con todos los servicios, supermercados, colegios, hospitales, restaurantes y tiendas. Muy bien comunicado con metro L4 Joanic y varias líneas de autobuses. ABA GROUP empresa consolidada y especializada en el sector inmobiliario, administración de pisos, compra y venta de inmuebles, reformas de vivienda y mucho más.",False,good,True,18.0,False,
10,10,27961925,29,bj,1150.0,flat,rent,81.0,True,1,1,Calle Sant Quinti,Barcelona,Horta Guinardó,El Guinardó,https://www.idealista.com/inmueble/27961925/,3480,"En alquiler luminoso apartamento planta baja en impecable estado.  Finca joven del año 1999 con inmejorable ubicacion frente Hospital Sant Pau.  Dividida en dos niveles comunicados entre ellos con una escalera.  En la planta de abajo se encuentra sala diáfana con cocina abierta y baño completo con bañera, la parte de arriba está la zona de dormitorio con vestidor y con acceso a un patio lavadero interior.  El apartamento dispone de suelos de parquet, instalación de A/A eléctrica con bomba de calor, videoportero y grandes ventanales de aluminio con persianas eléctricas.  A pocos minutos de Sagrada Familia, proximo al metro L5 Sant Pau Dos de Maig y L2 Hospital Sant Pau, varias lineas de autobuses, colegios y todo tipo de comercios. Ideal para una pareja o una sola persona.",False,good,True,14.0,True,
8,8,100012905,14,1,1150.0,flat,rent,68.0,True,2,1,barrio La Salut,Barcelona,Gràcia,La Salut,https://www.idealista.com/inmueble/100012905/,3465,"Ref: 103518 Piso en alquiler de 68m2, muy luminoso. Planta 1ª exterior con ascensor La vivienda cuenta con: - amplio y soleado salón - comedor - 2 habitaciones con armarios empotrados - baño completo - cocina independiente y completamente equipada - Trastero - Balcón   *Plaza de garaje por 100 €/mes adicionales Dispone de calefacción y aire acondicionado Se entrega sin amueblar. Excelente estado de conservación Gastos de comunidad e IBI incluidos en el precio. Se aceptan mascotas Para más información, contactar con el equipo de área Casa.",False,good,True,17.0,False,
35,35,30302440,18,2,1180.0,flat,rent,65.0,True,2,1,Calle Nou de Sant Francesc,Barcelona,Ciutat Vella,El Gòtic,https://www.idealista.com/inmueble/30302440/,694,"Fantástico piso junto a Les rambles, recién reformado, amueblado, 60m2, salón comedor con cocina equipada, 2 habitaciones, 1 cuarto de baño, parquet, ascensor.  Muy luminoso exterior a calle En el GotICo, corazón de Barcelona, piso de 60 m² útiles,  Dos habitaciónes dobles. Piso exterior a calle con salida a balcón, luminoso, orientado al Sur, en el corazón del barrio Gótico, al lado de la Plaza Real, en una calle peatonal, cerca del Puerto y a 10 minutos de Plaza Catalunya, con dos líneas de metro, autobuses y estación de ferrocarriles. Todos los servicios en la zona, zona de ""shopping"", mercados y supermercados. Gastos de comunidad, impuestos y Wifi incluido en el precio.  Edificio con ascensor, videocámara de vigilancia. Mascotas no permitidas.  Magnífica ubicación junto les rambles. Metro, autobuses, mercado de abastos, supermercados, zona de compras, grandes centros comerciales, en el corazón de la ciudad, en pleno barrio gótico y a 5  PRECIO de 1.180'00 € VALIDO PARA ALQUILER DE LARGA ESTANCIA, MINIMO 10 MESES PRECIO PARA ALQUILER DE 9 A 5 MESES 1.290'00 € PRECIO PARA ALQUILER DE 3 A 4 MESES 1.420'00 €. No olvide facilitarnos su numero de teléfono y nos pondremos en contacto lo antes posible, también puede contactar a través de whatsapp en el +34 608377744 indicando la referencia L417.",False,good,True,18.0,True,
47,47,100019216,13,3,1190.0,flat,rent,65.0,True,1,1,Calle dels Escudellers,Barcelona,Ciutat Vella,El Gòtic,https://www.idealista.com/inmueble/100019216/,423,"Piso de 65 metros cuadrados, una habitación doble con cama de 160 x 190 y un sofá cama.  Apartamento exterior, luminoso, orientado al Sur, en el corazón del barrio Gótico, al lado de la Plaza Real, en una calle peatonal, cerca del Puerto y a 10 minutos de Plaza Catalunya, con dos líneas de metro y estación de ferrocarriles. Habitación principal con amplio armario, mesitas y lámparas de noche. La Sala de estar puede convertirse en habitación independiente. Comedor y Cocina office completa con nevera, máquina Nespresso, microondas, Utensilios, Vajilla y cubiertos para 6 personas. Apartamento equipado con ropa de camas y toallas para 4 personas. Gastos de comunidad, Seguro, impuestos y Wifi incluido en el precio. Edificio con ascensor, videocámara de vigilancia, canales de televisión satélite Astra y digital. Preferentemente No fumadores. Mascotas preguntar. Ideal para parejas. Puede utilizarse parte del salón como un segundo dormitorio. Si se alquila con contrato de larga duración, se podría reponer la segunda habitación. > CONDICIONES: Contrato vivienda habitual, de mínimo 10 meses hasta 5 años: 1190€/mes Contrato Temporal de 5 a 9 meses: 1320€/mes Contrato Temporal de mínimo 3 o 4 meses: 1440€/mes Detalles adicionales > CARACTERISTICAS:    Amueblado  Ascensor  Cámaras de videovigilancia  Cocina equipada  Internet  Juegos de cama  Máquina Nespresso  Microondas  Sofá  Toallas  Vajilla *HONORARIOS DE INTERMEDIACIÓN NO INCLUIDOS EN EL PRECIO (10% Anualidad + IVA).",False,good,True,18.0,False,
21,21,99884900,16,1,1200.0,flat,rent,69.0,True,2,1,Selva de Mar,Barcelona,Sant Martí,Diagonal Mar i el Front Marítim del Poblenou,https://www.idealista.com/inmueble/99884900/,3918,"Fantástico piso en el Barrio de Sant Martí.  El inmueble dispone de dos habitaciones (doble e individual), baño, cocina y salón comedor con salida a un gran balcón.  Se alquila semiamueblado. Buena comunicación con el transporte publico (Metro / Bus), próximo a todo tipo de servicios.  Se requieren dos meses de fianza + honorarios de la agencia + mes en curso. Es necesario acreditar ingresos.  *Puede que el plano no sea el real, ya que no disponemos de él*.",True,good,True,17.0,True,
58,8,95617972,14,1,1200.0,flat,rent,185.0,True,1,1,Calle de Dalmau Creixell,Barcelona,Horta Guinardó,La Font d'En Fargues,https://www.idealista.com/inmueble/95617972/,4751,"¡DISPONIBLE DESDE EL 16 DE ENERO! Loft en alquiler para poder vivir y trabajar en el mismo espacio. Dispone de dos zonas separadas, pudiendo tener zona de vivienda y zona de trabajo de manera independiente. Apartamento de 152 mts2 útiles ubicado en La Font d'En Fargues con cocina equipada. Está muy bien comunicado con bus y metro. Se compone de recibidor, tres oficinas, salón comedor, una habitación doble, cocina, y dos cuartos de baño. Finca con jardín interno y ascensor. También tiene trastero. Precio de la plaza de parking aparte, por 100 €/mes adicionales. Barrio muy tranquilo y con todos los servicios.   Se alquila sin muebles.    *Ubicación*    El piso se encuentra en la zona de Horta Guinardó, muy cercano a Sagrada Familia. Este distrito el tercero más extenso de Barcelona, en sus alrededores posee abundante vegetación por lo que se puede disfrutar de las vistas que ofrecen sus miradores como de los edificios de la ciudad. Fácil acceso y conectividad con el resto de la ciudad.",True,good,True,6.0,False,
85,35,99920374,15,1,1200.0,flat,rent,65.0,True,2,2,barrio El Raval,Barcelona,Ciutat Vella,El Raval,https://www.idealista.com/inmueble/99920374/,949,"Ref: T104180 Altura piso 1º, piso superficie total 65 m², superficie útil 60 m², hab. individuales: 1, habitaciones dobles: 1, 2 baños, cocina, comedor, estado conservación: buen estado, terraza, exterior.",False,good,False,18.0,False,
69,19,99987408,15,4,1200.0,flat,rent,70.0,True,2,1,barrio La Dreta de l'Eixample,Barcelona,Eixample,La Dreta de l'Eixample,https://www.idealista.com/inmueble/99987408/,574,"Ref: 104527 Piso en alquiler con superficie de 70 m², muy luminoso. Planta 4ta° exterior Se entrega en en buen estado de conservación. Amueblado Gastos de comunidad e IBI incluidos en el precio. La vivienda consta de: - salón comedor  - 2 dormitorios doble y una individual con sofa-cama doble. ) - 1 baño completo - balcón - terraza en zona habitaciones. Dispone de aire acondicionado, calefacción  Finca sin ascensor. Se encuentra a 50m de parada Metro hostafrancs L1 y 400m de parada de metro Tarragona L3. También a 5min de Sants Estació A 60m del mercat de Hostafrancs y Mercadona. A ambos lados de la calle de la Creu Coberta se extiende, como si de un abanico se tratara, el barrio de Hostafrancs, situado en el distrito de Sants-Montjuïc. Enmarcado, además, por las calles de Tarragona, Moianès y la Gran Via de les Corts Catalanes, con la plaza de España como punto de encuentro, las callejuelas de casas obreras de Hostafrancs conservan el carácter genuino perteneciente a la antigua villa de Sants —anexionada en 1897— dentro de una metrópoli que ofrece múltiples posibilidades como es Barcelona. Junto con el vecino barrio de Sants, Hostafrancs disfruta del eje comercial más largo de Europa. Un extenso e histórico eje en el que encontramos establecimientos centenarios que conforman el carácter comercial, pero también local y de proximidad del barrio, rasgos identificativos que se mezclan con los marcados rasgos industriales de este extremo de la ciudad. Para más información, contactar con el equipo de Area Casa.",False,good,False,17.0,False,
64,14,99831537,20,6,1200.0,penthouse,rent,85.0,True,2,1,Calle de Sants,Barcelona,Sants-Montjuïc,Sants,https://www.idealista.com/inmueble/99831537/,2827,"Se alquila ático en la calle de Sants, esquina con Avda. Madrid. Se encuentra en una zona muy bien comunicada, con metros, y autobuses a escasos metros, con todos lo servicios, supermercados, colegios, farmacias,.. . y tranquila, ideal para vivir. La vivienda es exterior y luminosa y dispone de una terraza a avda. Madrid. Es amplia, con dos dormitorios dobles, amplio salón, cocina independiente, baño completo y galería lavadero. La finca dispone de ascensor y de portero electrónico. Los gastos de comunidad e IBI están incluidos en el precio. La disponibilidad es inmediata.",False,good,True,14.0,False,
63,13,99913004,20,6,1200.0,penthouse,rent,85.0,True,2,1,Calle de Sants,Barcelona,Sants-Montjuïc,Sants - Badal,https://www.idealista.com/inmueble/99913004/,4175,"Se alquila ático en la calle de Sants, esquina con Avda. Madrid. Se encuentra en una zona muy bien comunicada, con metros, y autobuses a escasos metros, con todos lo servicios, supermercados, colegios, farmacias,.. . y tranquila, ideal para vivir. La vivienda es exterior y luminosa y dispone de una terraza a avda. Madrid. Es amplia, con dos dormitorios dobles, amplio salón, cocina independiente, baño completo y galería lavadero. La finca dispone de ascensor y de portero electrónico. Los gastos de comunidad e IBI están incluidos en el precio. La disponibilidad es inmediata.",False,good,True,14.0,False,
13,13,99929460,27,2,1200.0,flat,rent,65.0,False,2,1,Calle de la Marina,Barcelona,Eixample,La Sagrada Família,https://www.idealista.com/inmueble/99929460/,2162,"Te gustará saber: · Piso sin amueblar de 2 habitaciones en calle Marina, junto a la Avenida Gaudí. · Situado en la segunda planta de un edificio sin ascensor. · Salón amplio y luminoso con orientación suroeste y vistas a la Sagrada Família. · Cocina independiente grande y muy bien equipada con lavadora, nevera, etc. · Tiene 2 habitaciones, una amplia doble exterior a calle y otra individual. · Hay un baño completo reformado. · Suelos de parquet y ventanas tipo climalit. Es especial por: · Situación privilegiada, junto a la Sagrada Família y la Avda. Gaudí. · Espacio muy luminoso y agradable. · A un minuto andando del metro Sagrada Família (L2 y L5). Múltiples combinaciones de bus en los alrededores. · A 8 minutos a pie del Passeig Sant Joan y a 10 minutos en bici de la playa. · Contáctanos para más información o para venir a visitarlo. Condiciones: · 2 meses de fianza. · Honorarios de la agencia: 10% anualidad + IVA. · Actualización de renta anual según IPC. · Índice de referencia: 17,5€/m2.",True,good,,18.0,True,
7,7,100020479,15,4,1200.0,flat,rent,70.0,True,2,1,barrio Hostafrancs,Barcelona,Sants-Montjuïc,Hostafrancs,https://www.idealista.com/inmueble/100020479/,2770,"Ref: 104527 Piso en alquiler con superficie de 70 m², muy luminoso. Planta 4ta° exterior Se entrega en en buen estado de conservación. Amueblado Gastos de comunidad e IBI incluidos en el precio. La vivienda consta de: - salón comedor  - 2 dormitorios doble y una individual con sofa-cama doble. ) - 1 baño completo - balcón - terraza en zona habitaciones. Dispone de aire acondicionado, calefacción  Finca sin ascensor. Se encuentra a 50m de parada Metro hostafrancs L1 y 400m de parada de metro Tarragona L3. También a 5min de Sants Estació A 60m del mercat de Hostafrancs y Mercadona. A ambos lados de la calle de la Creu Coberta se extiende, como si de un abanico se tratara, el barrio de Hostafrancs, situado en el distrito de Sants-Montjuïc. Enmarcado, además, por las calles de Tarragona, Moianès y la Gran Via de les Corts Catalanes, con la plaza de España como punto de encuentro, las callejuelas de casas obreras de Hostafrancs conservan el carácter genuino perteneciente a la antigua villa de Sants —anexionada en 1897— dentro de una metrópoli que ofrece múltiples posibilidades como es Barcelona. Junto con el vecino barrio de Sants, Hostafrancs disfruta del eje comercial más largo de Europa. Un extenso e histórico eje en el que encontramos establecimientos centenarios que conforman el carácter comercial, pero también local y de proximidad del barrio, rasgos identificativos que se mezclan con los marcados rasgos industriales de este extremo de la ciudad. Para más información, contactar con el equipo de Area Casa.",False,good,False,17.0,False,
59,9,99713209,24,1,1200.0,flat,rent,66.0,False,2,1,Calle de Villarroel,Barcelona,Eixample,L'Antiga Esquerra de l'Eixample,https://www.idealista.com/inmueble/99713209/,2024,"Preciosa vivienda de 57m2 reformada! para entrar el 15 de Enero 2023. Muy Luminosa y tranquila!  Dispone de Salon comedor con salida a balcon  Cocina independiente amplia con vitroceramica y lavadora. Con salida a patio lavadero. Dos habitaciones, una doble. Ambas con armarios blancos y la doble con Aire Acondicionado.  Baño con plato de ducha y mampara.  El piso cuenta con calefaccion a GAS natural y 2 split de aire acondicionado.  Suelos de parquet, carpinteria extrior de aluminio con doble vidrio climalit. Servicios dados de alta (Luz, Gas y Agua) No se aceptan Mascotas. SOLO PERFILES CON CONTRATOS INDEFINIDOS de mas de 1 AÑO de antiguedad.  Ideal para Parejas o estudiantes.  LISTO para entrar el 15 de Enero 2023.",False,good,True,18.0,False,
20,20,99951412,40,1,1200.0,flat,rent,69.0,True,2,1,Calle de Martínez de la Rosa,Barcelona,Gràcia,Vila de Gràcia,https://www.idealista.com/inmueble/99951412/,2314,"ALQUILER EN EL BARRIO DE GRACIA DE BARCELONA-LARGA ESTANCIA. -Finques Navarrete presenta este Precioso piso Reformado en la Vila de Gràcia con Balcón; situado en zona inmejorable en calle Martínez de la Rosa / Travessera de Gràcia, muy cerca de la plaza del sol y de la plaza de la vila de gracia; a escasos metros de Diagonal con Paseo de Gracias y de Gran de Gracia; muy bien comunicado con trasporte público tanto ferrocarril, metro com bus. Primero Real en Finca muy tranaquila de 1900 sin Ascensor de 3 plantas con tan solo 6 vecinos. Piso con mucho encanto, con vigas de madera, da delante y detrás: delante exterior a calle encontramos dos habitaciones dobles (1 de 12m2: medidas 5,20 x 2,35m con salida a Balcón; y otra de 8m2: medidas 2,15m x 3,67m2); en medio del piso con dos ventanas a la escalera de la finca encontramos un espectacular salón-comedor-cocina de 31m2; y para terminar en la parte de detrás encontramos exterior a patio de manzana con mucha luz una galería con tendedero exterior y un baño de tres piezas con ducha. Acabados: suelo de parquet, ventanas climalit. Se entrega el piso: recién pintado, se ha hecho una limpieza profesional de la totalidad de la vivienda. Grifo ducha y grifo pica cocina nuevo, cisterna wc nueva, se han cambiado pomos de algunas puertas.  Electrodomesticos que dispone: Nevera, Horno BALAY nuevo a estrenar, microondas, lavadora, secadora, aspirador, 2 ventiladores de pie y 1 radiador eléctrico de pie. Mobiliario que se podría quedar: 2 somiers de cama individual, 1 cómoda y una estantería blanca de salón, 1 lámpara de pie, varias lámparas de mesa. Disponibilidad inmediata (posibilidad de hacer visitas de lunes a viernes en horario comercial) Ideal para pareja o persona sola; o para dos personas para compartir. Alquiler: 1.200 euros/mes gastos de comunidad e IBI incluidos. Suministros dados de alta (agua y electricidad; consumo a cargo del inquilino). Condiciones: 1 mes de fianza + 1 mes de garantía; el mes corriente y un 10% de una anualidad de alquiler + IVA de honorarios de gestión + 150 euros + IVA de gastos de contrato + SRC. Imprescindible demostrar solvencia (contrato de trabajo indefinido con antiguedad mínima de 1 año y con el 40% de los ingresos se tiene que poder pagar el alquiler; o autónomo que reuna las mismas condiciones económicas). VENGA A VERLO LE ENCANTARÁ¡ Finques Navarrete Pablo Navarrete. - 933683111 / 661945366 (También se atiende por Whatsapp).",True,good,False,17.0,True,
75,25,99620684,7,3,1250.0,flat,rent,70.0,True,1,1,Calle d'Anglí,Barcelona,Sarrià-Sant Gervasi,Les Tres Torres,https://www.idealista.com/inmueble/99620684/,4351,"Bonito piso excusivo de una habitación en Sarria/ Sant Gervasi, calle Bonanova. Ideal para parejas. Se distribuye en gran salón con terraza, baño completo, cocina individual y gran habitación dormitorio. Dispone de una plaza de aparcamiento en la misma finca. Para entrar a vivir. Gastos de comunidad e ibi incluidos en  Construido en 1970 Calidad de construcción excelente Edificio de 7 plantas 3 vecinos por planta Ascensor Portero Garaje 10 Viviendas 22 Garajes/Trasteros 1 Comercio[IW].",False,good,True,18.0,False,
62,12,99847403,17,4,1250.0,flat,rent,80.0,False,2,2,barrio Sants - Badal,Barcelona,Sants-Montjuïc,Sants - Badal,https://www.idealista.com/inmueble/99847403/,4327,"Te gustará saber: · IMPRESCINDIBLE DNI o NIE. · Para garantizar una respuesta ordenada y segura, por favor, contacta a través del formulario de este anuncio. Nos comprometemos a darte una respuesta lo antes posible. · Piso sin amueblar situado en la calle Bonsoms de Sants-Badal. · Tiene orientación noreste. · Situado en la cuarta planta de un edificio con ascensor. · Dispone de un salón comedor amplio. · Tiene cocina americana semi equipada con placa de inducción, campana extractora y horno. · Cuenta con 2 dormitorios dobles con armarios empotrados, cada dormitorio con su propio baño. · Ambos baños tienen ducha con mampara y están perfectamente amueblados y equipados. · Suelos de parquet. Carpinterías de aluminio con doble acristalamiento. · Calefacción y aire acondicionado por conductos. Es especial por: · Piso con acabados de alta calidad. · Perfectamente comunicado por transporte público, con línea L5 de metro (Badal) y múltiples combinaciones de bus. · Excelente ubicación cerca de Sants Estació y de Plaça Espanya. · No dudes en contactarnos para cualquier consulta o para venir a visitarlo. Condiciones: · IMPRESCINDIBLE DNI o NIE. · Honorarios y gestión de contrato a cargo de la propiedad. · Incluye los gastos repercutibles de IBI y comunidad. · La renta se actualizará anualmente por el IPC. · 1 mes de fianza y 2 de garantía adicional, sujetos a la solvencia del inquilino. · Apto como ""piso compartido"", en función del perfil. · Se aceptan mascotas. · Disponible a partir del 12 de diciembre de 2022. · Contrato de 7 años con 1 año de obligado cumplimiento. · IMPRESCINDIBLE ACREDITAR SOLVENCIA ECONÓMICA (nóminas, avales o similar en caso de trabajar por cuenta propia. En el caso de no tener ingresos en España, se solicitará otro tipo de información y garantías adicionales). · Índex de referència de lloguers (€/m²): inf 12,73 - Index 13,85 - sup 17,89. · * Los electrodomésticos que puedan aparecer en las imágenes de este anuncio pero que no están específicamente detallados en el listado de electrodomésticos, no forman parte del equipamiento con el que se ofrece esta vivienda.",True,good,True,16.0,False,
52,2,99532377,23,bj,1250.0,duplex,rent,71.0,True,2,1,Calle de la Legalitat,Barcelona,Gràcia,El Camp d'En Grassot i Gràcia Nova,https://www.idealista.com/inmueble/99532377/,2907,"Estudio tipo Loft, en Planta Baja, de 71 m2 muy bien situado en el corazón de Gracia, a pie de calle. Con entrada independiente. Ideal para Autónomos. Se distribuye en 2 plantas, la planta baja ocupa un espacio de 38 m2 diáfano con techos altos y vigas de hierro, con una zona de office, que se puede ocultar con una gran puerta corredera desde el techo. La planta superior consta de 2 estancias exteriores a calle con luz natural y un baño muy amplio con ducha. Este estudio esta reformado de diseño con mucho gusto y materiales de calidad. Suelo de parquet. Carpintería de aluminio con doble cristal. Aire acondicionado calor /frio en las 2 plantas. Zona muy comercial, con muy buenas comunicaciones y servicios. Se alquila sin muebles. No dispone de Cedula de Habitabilidad. Perfecto también como despacho para compartir.  No se aceptan mascotas.",False,good,True,18.0,False,
90,40,90376848,20,1,1250.0,duplex,rent,75.0,True,1,1,Calle Comtal,Barcelona,Ciutat Vella,El Gòtic,https://www.idealista.com/inmueble/90376848/,37,"ALQUILAR POR MESES, A PARTIR DE 32 DIAS    Fantástico duplex reformado y equipado en una de las mejores calles del centro de Barcelona, amplio Salón con sofá cama, habitación de matrimonio en planta superior. A pocos metros de plaza Catalunya. Disponible a partir del 1 de feb 23, posibilidad de reservar online.",False,good,True,17.0,False,
96,46,99620707,0,3,1250.0,flat,rent,80.0,True,1,1,Calle d'Anglí,Barcelona,Sarrià-Sant Gervasi,Les Tres Torres,https://www.idealista.com/inmueble/99620707/,4243,"Bonito piso excusivo de una habitación en Sarria/ Sant Gervasi, calle Bonanova. Ideal para parejas. Se distribuye en gran salón con terraza, baño completo, cocina individual y gran habitación dormitorio. Dispone de una plaza de aparcamiento en la misma finca. Para entrar a vivir. Gastos de comunidad e ibi incluidos en renta. [IW].",False,good,True,16.0,False,
9,9,100001012,20,3,1250.0,flat,rent,86.0,True,2,1,Calle roma,Barcelona,Sarrià-Sant Gervasi,El Putxet i el Farró,https://www.idealista.com/inmueble/100001012/,3796,"Maravilloso piso en alquiler en la calle Roma, el Putxet i el Farró.  El piso consta de 75m2 útiles y 86m2 construidos, distribuido en un luminoso gran salón-comedor con acceso al balcón y aire acondicionado, cocina equipada y acceso al lavadero, 2 habitaciones dobles exteriores (una de ellas con acceso a balcón y armario empotrado) y un baño amplio con bañera.  El piso dispone de suelos de parqué, aire acondicionado, calefacción por radiadores e instalación de fibra óptica.  Ubicado en la 3ª planta de una finca del 1990 con ascensor. COMUNIDAD E IBI (64€) INCLUIDOS EN EL PRECIO.  HONORARIOS DE LA AGENCIA NO INCLUIDOS EN EL PRECIO.",True,good,True,15.0,False,
97,47,99620695,0,3,1250.0,flat,rent,80.0,True,1,1,Calle d'Anglí,Barcelona,Sarrià-Sant Gervasi,Les Tres Torres,https://www.idealista.com/inmueble/99620695/,4520,"Bonito piso excusivo de una habitación en Sarria/ Sant Gervasi, calle Bonanova. Ideal para parejas. Se distribuye en gran salón con terraza, baño completo, cocina individual y gran habitación dormitorio. Dispone de una plaza de aparcamiento en la misma finca. Para entrar a vivir. Gastos de comunidad e ibi incluidos en renta. [IW].",False,good,True,16.0,False,
50,0,99297268,11,2,1275.0,flat,rent,80.0,True,2,2,"Plaza de Pau Vila, 12",Barcelona,Ciutat Vella,Sant Pere - Santa Caterina i la Ribera,https://www.idealista.com/inmueble/99297268/,1014,"VIVIENDA NO AMUEBLADA. Te presentamos una oportunidad única para vivir en uno de los mejores barrios de Barcelona, próximo al puerto de Barcelona.  Ven a conocer las espectaculares viviendas, dotadas de un interior con mucha luz natural y una magnifica distribución, cómoda y funcional. Las viviendas cuentan con unas cuidadas calidades, suelo de tarima, 2 dormitorios (superficie útil 58m), amplio y luminoso salón comedor y una moderna cocina totalmente renovada, amueblada y equipada con electrodomésticos (vitrocerámica, horno).  Baños han sido renovados por completo, y cuenta con muebles de lavabo de diseño, gran espejo, bañera y ducha.  Consulte condiciones y disponibilidad y no te quedes sin tu vivienda.  Sin comisiones de agencia. *Infórmate de las condiciones especiales para funcionarios. REQUISITOS  1 mes de fianza.  Seguro de impago.  Seguro de hogar a la firma de contrato.  Acreditar solvencia.",False,good,True,16.0,False,"{'hasParkingSpace': True, 'isParkingSpaceIncludedInPrice': True}"
46,46,82539752,25,5,1290.0,flat,rent,80.0,True,2,2,"Calle Comte d'Urgell, Barcelona",Barcelona,Eixample,Sant Antoni,https://www.idealista.com/inmueble/82539752/,1072,"Exclusiva vivienda en edificio moderno, singular y con excelentes vistas.  Actualmente arrendado. Disponible a partir del día 15 de Enero. Esta vivienda está ubicada en la quinta planta de un edificio moderno con mucha luz natural debido a su excelente orientación.  Se compone de un amplio salón, que comunica con la cocina, creando un amplio y funcional espacio con mucha luz natural que entra por grandes ventanales. La cocina está equipada con electrodomésticos de alta gama (vitrocerámica, campana extractora, horno eléctrico, nevera, lavaplatos, lavadora y secadora), así como con armarios altos y bajos. Cuenta con dos amplias habitaciones y dos baños (uno con bañera y el segundo con ducha), una de ellas tipo suite. Ambos dormitorios cuentan con armarios empotrados de calidad y diseño de Casa Carré. En el terrado dispone de un tendero privado. El inmueble dispone de aire acondicionado/bomba de calor (y energía solar). La carpintería de aluminio es de gran calidad de la marca Technal y con ventanas oscilobatientes. El suelo combina suelo de parquet y cerámico. El precio del inmueble es de 1.290 euros y 100 euros opcionales de la plaza de parking sito en la misma finca. PARA VISITARLO SOLO DEBE CONTACTAR CON NUESTRA AGENCIA.",False,good,True,16.0,False,"{'hasParkingSpace': True, 'isParkingSpaceIncludedInPrice': False, 'parkingSpacePrice': 100.0}"
41,41,99169865,24,1,1300.0,flat,rent,89.0,True,2,1,"Avenida de la República Argentina, 159",Barcelona,Sarrià-Sant Gervasi,El Putxet i el Farró,https://www.idealista.com/inmueble/99169865/,3839,"El piso dispone de 2 habitaciones (una de matrimonio y otra individual) y un despacho en el cual cabe una cama individual, comedor amplio, baño completo, cocina con lavavajillas integrado y una tranquila terraza. Los suelos son de parquet y en las ventanas de los dormitorios, cocina y comedor hay instaladas mosquiteras.  En el comedor hay un aparato de aire acondicionado y en los dos dormitorios hay ventiladores de techo. Hay calefacción de gas natural en todo el piso.  Aunque el piso se alquile sin amueblar, los dormitorios disponen de amplios armarios empotrados.  Hay que destacar su amplio altillo ubicado en todo el pasillo. Ubicado al lado del Parque del Putxet, cerca del metro L3 Vallcarca y con varias paradas de autobús en la misma calle. El barrio es tranquilo y repleto de comercios de todo tipo. *Se alquila sin nevera ni lavadora. ¡Visítelo sin compromiso!",False,good,True,15.0,False,
78,28,99483068,16,2,1310.0,flat,rent,80.0,True,2,2,barrio La Marina del Prat Vermell,Barcelona,Sants-Montjuïc,La Marina del Prat Vermell,https://www.idealista.com/obra-nueva/99483068/,4143,"Vila Bonaplata 2ª Fase” sigue apostando por un nuevo y exclusivo concepto de arrendamiento, tras el éxito indiscutible de la 1ª fase, lanzamos la 2ª y última fase formada por 142 modernas viviendas en alquiler de 2, 3 y 4 dormitorios de obra nueva. Con garaje incluido y trastero opcional. Firma tu contrato de arrendamiento antes del 31 de Enero del 2023 y tendrás un mes de bonificación de rentas y el alta de los suministros gratis. Sin gastos de gestión ni comisiones. Todas y cada una de las tipologías de hogar gozan de espectaculares terrazas en las que conectar con el entorno y disfrutar de la zona de Barcelona más sostenible y respetuosa con el medio ambiente, a escasa distancia del Montjuic y al puerto de Barcelona. El residencial de obra nueva es único y pionero en la zona, no hay nada más que asomarse a sus exclusivas y cuidadas zonas comunes para entender que su esencia se centra en ofrecer descanso y disfrute a sus arrendatarios. Cuidamos a nuestros residentes en todos los ámbitos, en el privado, en el social y en el laboral. Nada como refrescarse en el verano disfrutando de la piscina, cuidar cuerpo y mente en el gimnasio y relajándose en un ambiente amigable desde el patio inglés o en la confortable Sala Ágora, y poder trabajar cómodamente desde la sala de Home-working perfectamente equipada, todo ello rodeado de un entorno único y de bonitas áreas verdes que garantizarán el confort que necesitas. Prueba de ello es el claro compromiso por la sostenibilidad medioambiental que ofrece “Vila Bonaplata”, un reto que se refleja, entre otros detalles, en la extensión de las terrazas, que gracias a sus amplios ventanales proyectan una increíble luz natural a las viviendas, el uso de una red de calor basada en energías renovables, eficientes placas fotovoltaicas y cargadores eléctricos para tu vehículo entre otras novedosas medidas que han hecho que la promoción tenga una merecida calificación BREEAM VERY GOOD de la que sin duda te sentirás orgulloso.  La Marina del Prat Vermell forma parte de Sants-Montjuïc, el distrito barcelonés con mayor proyección residencial, empresarial y comercial del área metropolitana, con una inmejorable red de comunicaciones con el centro ciudad, el Puerto y Aeropuerto tanto en coche, en bus, como en metro (de Foc y Foneria de la L10). Así como con el área de Montjuïc, la Ronda Litoral y la Fira de la Gran Via. Un entorno que cuenta con una extensa red de Bicing para favorecer el desplazamiento de forma respetuosa con el medio ambiente.",False,newdevelopment,True,16.0,False,"{'hasParkingSpace': True, 'isParkingSpaceIncludedInPrice': True}"
89,39,36407404,12,3,1350.0,flat,rent,75.0,True,1,1,Avenida del Marquès de l'Argentera,Barcelona,Ciutat Vella,Sant Pere - Santa Caterina i la Ribera,https://www.idealista.com/inmueble/36407404/,809,"Moderno piso reformado en finca catalogada. 1 habitaciones. Techos de 3,5mts. 2 balcones. tranquilo. Equipado con electrodomésticos. tranquilo. Terraza comunitaria con parcela privada. Finques Lluís 934140909.",False,good,True,18.0,False,
29,29,99929395,13,bj,1350.0,flat,rent,85.0,True,2,1,Calle del Baró de Sant Lluís s/n,Barcelona,Horta Guinardó,Can Baró,https://www.idealista.com/inmueble/99929395/,3556,"AP5205- Disponible ya. Vivienda situada en el barrio de Guinardó, dispone de 85m2, distribuidos en un amplio comedor de 30m2, abierto a una terraza de 15m2. Dos habitaciones, una doble con armario, y otra doble con altillo. Un lavabo completo con plato de ducha. Cocina de gas natural con horno eléctrico. Suelos de parquet. Calefacción de gas natural. Finca sin ascensor, piso bajo. El piso se entrega pintado, y sin plantas en la terraza.",False,good,False,16.0,True,
4,4,81181435,13,4,1350.0,flat,rent,75.0,True,2,1,República Argentina,Barcelona,Gràcia,Vallcarca i els Penitents,https://www.idealista.com/inmueble/81181435/,3955,Magnifico piso de 2 habitaciones totalmente reformado con acabados de alta calidad. Dispone de gran salón comedor de 32 m2 totalmente exterior. Muy luminoso. Vistas a la montaña. Instalaciones nuevas. Dispone de 1 habitación doble y una acomodada como vestidor. Baño reformado con plato de ducha. Cocina nueva equipada con nevera y lavavajillas. Parquet. Calefacción de gas natural. Finca con Ascensor. Perfectamente comunicado con metro L3 y autobuses. Los mueble que se ven en las fotografías pueden quedarse o se pueden sacar. Listo para entrar.,False,good,True,18.0,False,
45,45,100012488,15,en,1350.0,flat,rent,80.0,True,2,1,barrio La Nova Esquerra de l'Eixample,Barcelona,Eixample,La Nova Esquerra de l'Eixample,https://www.idealista.com/inmueble/100012488/,1352,"Ref: 103731 Piso en alquiler de 80 m2, muy luminoso. Planta entresuelo, exterior La vivienda cuenta con: - amplio y soleado salón - comedor - 2 habitaciones - baño completo - cocina completamente equipada nevera, lavavajillas, horno, microondas y placa inducción. ) -Suelos de parquet  Dispone de calefacción y aire acondicionado Se entrega amueblado. Excelente estado de conservación Gastos de comunidad e IBI incluidos en el precio. Se aceptan mascotas El nombre del barrio tiene su origen en el convento de Sant Antoni Abat, levantado en el siglo XV, junto a la muralla de Barcelona. La fisonomía del barrio es fruto de las reformas vinculadas a la Exposición Universal de 1929. Con la avenida del Paral·lel y la Gran Via de les Corts Catalanes en dos de los extremos y las rondas de Sant Pau y de Sant Antoni en el otro, Sant Antoni es uno de los barrios más pequeños y densos del distrito de L’Eixample. Mucha gente de otras zonas va a comprar al barrio porque tiene una importante oferta comercial y queda cerca del centro de la ciudad. Para más información, contactar con el equipo de área Casa.",False,good,False,17.0,False,
24,24,100018025,17,6,1370.0,flat,rent,77.0,True,2,2,barrio La Marina del Prat Vermell,Barcelona,Sants-Montjuïc,La Marina del Prat Vermell,https://www.idealista.com/obra-nueva/100018025/,4143,"Firma tu contrato de arrendamiento antes del 31 de enero del 2023 y tendrás un mes de bonificación de renta y el alta de los suministros gratis. Sin gastos de gestión ni comisiones. Con garaje incluido y trastero opcional. Vivienda de 2 dormitorios en tercera planta que cuenta con una luz natural envidiable gracias a la orientación hacia el sol de la mañana de la terraza que ofrece unas espectaculares vistas hacia la piscina y zona común. La zona principal de la vivienda consta de un armario empotrado en la entrada y un amplio y luminoso salón comedor y cocina independiente. La cocina se encuentra completamente equipada con electrodomésticos de alta eficiencia energética y muebles de diseño actual con gran capacidad de almacenaje.  El distribuidor da acceso a la zona de dormitorios, con un dormitorio con armario empotrado y un cuarto de baño completo y un dormitorio principal en suite con vestidor y cuarto de baño incorporado. Todas las viviendas. han sido concebidas para un estilo de vida moderno, con exclusivos diseños, suelos de parquet, y grandes ventanales que aportan luminosidad y calidez a todos los espacios interiores. Todas ellas cuentan con generosas terrazas privadas donde disfrutar al aire libre. Exclusivas y cuidadas zonas comunes destinadas al descanso y disfrute. La piscina, el gimnasio, un envidiable patio inglés y la sala de Home-wokirng, así como el entorno garantizarán el confort de los residentes en su ámbito privado, social y laboral.",False,newdevelopment,True,18.0,True,"{'hasParkingSpace': True, 'isParkingSpaceIncludedInPrice': True}"
80,30,85824185,20,2,1380.0,flat,rent,78.0,True,2,1,barrio El Poblenou,Barcelona,Sant Martí,El Poblenou,https://www.idealista.com/inmueble/85824185/,2898,"Piso recientemente reformado en Rambla del Poblenou con Pere IV. Es totalmente exterior y muy alegre.  Se piden 2 meses de Garantía además del mes de Fianza. Tiene una excelente distribución con dos habitaciones, una doble muy grande con salida a balconcito que da a la calle (Rbla Pblenou) y que mide unos 15m2. Se trata de una estancia muy amplia con armarios empotrados que permite poner una cama, escritorio, sillón.. . o lo que se desee, sin que por ello se vea una habitación más pequeña. A continuación tenemos una segunda habitación individual también con armarios empotrados, esta sin ventanas pero con extractor. Siguiendo el recorrido por el piso pasamos por un pequeño armario vestidor ideal para dejar chaquetas y abrigos y llegamos al gran salón comedor. Tiene mucha luz natural que le proviene desde la cocina, parcialmente abierta, con unos enormes ventanales y vistas a un patio interior excepcionalmente amplio. La cocina está equipada con todos los electrodomésticos y es una maravilla cocinar en este espacio tan agradable y acogedor. A continuación encontramos el baño, muy moderno con plato de ducha. En resumen, estamos antes un magnífico piso en el corazón de Poblenou, tranquilo y con todos los servicios y comodidades. No se aceptan mascotas. No deje de visitarlo.",False,good,False,18.0,False,
23,23,100018091,17,7,1380.0,flat,rent,77.0,True,2,2,barrio La Marina del Prat Vermell,Barcelona,Sants-Montjuïc,La Marina del Prat Vermell,https://www.idealista.com/obra-nueva/100018091/,4143,"Firma tu contrato de arrendamiento antes del 31 de enero del 2023 y tendrás un mes de bonificación de renta y el alta de los suministros gratis. Sin gastos de gestión ni comisiones. Con garaje incluido y trastero opcional. Planta 7ª, vivienda de 2 dormitorios que cuenta con una excelente distribución, con una luz natural envidiable puesto que consta de una terraza muy bien orientada con vistas hacia la piscina y zona común con el sol de la mañana como protagonista. El acceso a la zona principal de la vivienda confluye en un amplio y luminoso salón comedor y cocina independiente, con acceso desde ambas estancias a la gran terraza protagonista de esta espectacular vivienda.  La cocina se encuentra completamente equipada con electrodomésticos de alta eficiencia energética y muebles de diseño actual con gran capacidad de almacenaje.  El distribuidor separa la zona principal de la zona de descanso, dando acceso a un dormitorio secundario con armario empotrado y un cuarto de baño completo y al amplio dormitorio principal en suite con vestidor y cuarto de baño incorporado. Todas las viviendas. han sido concebidas para un estilo de vida moderno, con exclusivos diseños, suelos de parquet, y grandes ventanales que aportan luminosidad y calidez a todos los espacios interiores. Todas ellas cuentan con generosas terrazas privadas donde disfrutar al aire libre. Exclusivas y cuidadas zonas comunes destinadas al descanso y disfrute. La piscina, el gimnasio, un envidiable patio inglés y la sala de Home-wokirng, así como el entorno garantizarán el confort de los residentes en su ámbito privado, social y laboral.",False,newdevelopment,True,18.0,True,"{'hasParkingSpace': True, 'isParkingSpaceIncludedInPrice': True}"
43,43,99040819,23,4,1390.0,flat,rent,80.0,True,2,2,barrio La Marina del Prat Vermell,Barcelona,Sants-Montjuïc,La Marina del Prat Vermell,https://www.idealista.com/obra-nueva/99040819/,4143,"“Vila Bonaplata 2ª Fase” sigue apostando por un nuevo y exclusivo concepto de arrendamiento, tras el éxito indiscutible de la 1ª fase, lanzamos la 2ª y última fase formada por 142 modernas viviendas en alquiler de 2, 3 y 4 dormitorios de obra nueva. Con garaje incluido y trastero opcional. Firma tu contrato de arrendamiento antes del 31 de Enero del 2023 y tendrás un mes de bonificación de rentas y el alta de los suministros gratis. Sin gastos de gestión ni comisiones. Todas y cada una de las tipologías de hogar gozan de espectaculares terrazas en las que conectar con el entorno y disfrutar de la zona de Barcelona más sostenible y respetuosa con el medio ambiente, a escasa distancia del Montjuic y al puerto de Barcelona. El residencial de obra nueva es único y pionero en la zona, no hay nada más que asomarse a sus exclusivas y cuidadas zonas comunes para entender que su esencia se centra en ofrecer descanso y disfrute a sus arrendatarios. Cuidamos a nuestros residentes en todos los ámbitos, en el privado, en el social y en el laboral. Nada como refrescarse en el verano disfrutando de la piscina, cuidar cuerpo y mente en el gimnasio y relajándose en un ambiente amigable desde el patio inglés o en la confortable Sala Ágora, y poder trabajar cómodamente desde la sala de Home-working perfectamente equipada, todo ello rodeado de un entorno único y de bonitas áreas verdes que garantizarán el confort que necesitas. Prueba de ello es el claro compromiso por la sostenibilidad medioambiental que ofrece “Vila Bonaplata”, un reto que se refleja, entre otros detalles, en la extensión de las terrazas, que gracias a sus amplios ventanales proyectan una increíble luz natural a las viviendas, el uso de una red de calor basada en energías renovables, eficientes placas fotovoltaicas y cargadores eléctricos para tu vehículo entre otras novedosas medidas que han hecho que la promoción tenga una merecida calificación BREEAM VERY GOOD de la que sin duda te sentirás orgulloso.  La Marina del Prat Vermell forma parte de Sants-Montjuïc, el distrito barcelonés con mayor proyección residencial, empresarial y comercial del área metropolitana, con una inmejorable red de comunicaciones con el centro ciudad, el Puerto y Aeropuerto tanto en coche, en bus, como en metro (de Foc y Foneria de la L10). Así como con el área de Montjuïc, la Ronda Litoral y la Fira de la Gran Via. Un entorno que cuenta con una extensa red de Bicing para favorecer el desplazamiento de forma respetuosa con el medio ambiente.",False,newdevelopment,True,17.0,True,"{'hasParkingSpace': True, 'isParkingSpaceIncludedInPrice': True}"
76,26,99989195,9,bj,1400.0,flat,rent,137.0,True,2,2,Pasaje Badal,Barcelona,Sants-Montjuïc,La Bordeta,https://www.idealista.com/inmueble/99989195/,3866,"Buy House Real Estate presenta fantástica vivienda de 137 m². La vivienda dispone de amplio salón independiente, semi-amueblado y equipada con electrodomésticos, 2 dormitorios dobles y 2 baños completos con plato de ducha. El piso dispone de suelos de parquet, ventanas de aluminio y aire acondicionado con bomba de calor. La vivienda cuenta con gran terraza de 40m², para disfrutar de unas tardes tranquilas. Excelente ubicación y muy bien comunicado, rodeado de varios comercios y servicios. ¡No esperes más! ¡Llama y agenda tu visita!",False,good,False,10.0,False,
55,5,84375945,37,2,1400.0,flat,rent,86.0,True,2,2,MANUEL DE FALLA,Barcelona,Sarrià-Sant Gervasi,Sarrià,https://www.idealista.com/inmueble/84375945/,4255,"Precioso piso TOTALMENTE REFORMADO. Exterior muy LUMINOSO. 2 habitaciones. Cocina con pasaplatos, amplio comedor. 2 baños, uno de ellos en suite. La zona es EXCELENTE. Se alquila con plaza de parking, es imprescindible contrato de trabajo fijo/indefinido y poder pagar el alquiler con el 40% de los ingresos netos. ***Los muebles que aparecen en las fotografías son del actual inquilino, que dejará la vivienda vacía, a excepción de la cama de matrimonio, cabecero y mesitas de noche.",False,good,True,16.0,False,"{'hasParkingSpace': True, 'isParkingSpaceIncludedInPrice': True}"
73,23,98879835,16,bj,1400.0,duplex,rent,89.0,True,2,2,Calle del Torrent del Remei,Barcelona,Gràcia,El Coll,https://www.idealista.com/inmueble/98879835/,4163,"Dúplex totalmente nuevo a estrenar.    Piso con entrada propia entrada. Delante del parc Güell, al lado de todo tipo de trasportes públicos y servicios sanitarios.    La finca cuenta con opción de párquing y trastero.    Dúplex dividió en 2 plantas.    Primera Planta: Gran salón coomedor muy luminoso junto a cocina abierta con acabados de alta calidad. La primera planta también consta de una habitación individual muy luminosa y su baño totalmente equipado. Cuenta con un patio de más de 11 m2.      Segunda Planta: Aquí nos encontramos con la magnífica suite con su respectivo baño y zona de vestidor.    Como se puede observar en las fotografías el piso está en proceso de finalización de obra. Estará disponible para entrar a finales de octubre.    Para más información no dude en contactarnos.",True,good,True,16.0,False,
61,11,99423634,27,8,1400.0,flat,rent,95.0,True,1,1,Calle de Déu i Mata,Barcelona,Les Corts,Les Corts,https://www.idealista.com/inmueble/99423634/,2787,"Disponible a partir de Diciembre. Espectacular Loft en la Calle Deu i Mata, junto a la Illa Diagonal. Loft de de 75m2 útiles con ventanales a lo largo de toda la sala, con una cocina de aire industrial y armarios empotrados.  El mueble librería separa el recibidor del resto de la sala. La cocina está equipada con vitrocerámica, horno y lavaplatos. Suelo de madera. Desde la sala se accede a un baño amplio de 10m2 y desde el baño a un lavadero independiente de 5m2. Ventanas con doble cristal. La calefacción es centralizada con radiadores. Aire acondicionado. Se trata de un espacio para vivir muy acogedor, tranquilo y céntrico rodeado de transporte publico y a pocos minutos de Francesc Macià y de la salida al autopista por la Diagonal. No dude en consultarnos.",False,good,True,15.0,False,
12,12,98677931,28,,1450.0,flat,rent,80.0,True,1,2,Calle de Duran i Bas,Barcelona,Ciutat Vella,El Gòtic,https://www.idealista.com/inmueble/98677931/,131,"Piso recién reformado a escasos metros del Portal del Ángel. El piso se encuentra en perfecto estado y con detalles de calidad. Dispone de dos habitaciones dobles y dos baños completamente reformados también. La segunda habitación es abierta al salón y no dispone de puerta. Tiene climatización por conducto. Una de las habitaciones y el salón son exteriores mientras que la otra es interior, aunque al ser el último piso, tiene luz natural.    En cuanto al piso, se trata de un segundo sin ascensor y de altura real un cuarto piso. Se encuentra totalmente reformado, pintado y con los mejores acabados.    En el precio del alquiler se incluye todos los gastos de comunidad e IBI.    Es una oportunidad única en una ubicación excelente, ¡No lo dude y venga a visitarlo!",False,good,False,18.0,False,
40,40,99996292,22,4,1500.0,flat,rent,89.0,True,2,2,Calle Enrique Granados,Barcelona,Eixample,L'Antiga Esquerra de l'Eixample,https://www.idealista.com/inmueble/99996292/,1677,"Ubicado en una muy buena zona del ensanche izquierdo, en una de las calles con mas encanto de la ciudad, en finca con ascensor y cinco alturas, se vende piso actualizado recientemente, luminoso y con mucho encanto. Se trata de un piso que dispone de un gran salón comedor, con acceso a pequeño balcón, que da a la calle, cocina luminosa, amplia, con barra, una habitación individual, un aseo y dormitorio grande y muy tranquilo en suite con baño propio. Piso de muy buenas calidades, parquet, calefacción a gas, armarios empotrados y mucha luminosidad en todas sus estancias. Ya disponible para ser visitado. Presentado por! Hola Casa! Número de AICAT 10282.",False,good,True,17.0,False,
83,33,99286958,9,bj,1500.0,duplex,rent,83.0,True,1,2,barrio El Poblenou,Barcelona,Sant Martí,El Poblenou,https://www.idealista.com/inmueble/99286958/,3363,"Se alquila dúplex en Barcelona, Poblenou. Precioso apartamento dúplex en alquiler en Barcelona. Edificio construido en 2019 en el barrio modernizado de Poblenou. Superficie total 83 m², superficie últil 69 m², con terraza de 32 m². Todas las estancias se pueden aprovechar muy bien.  En la planta baja hay un baño, una oficina con sala de estar y una cocina abierta con acceso directo a una maravillosa terraza. En el segundo piso hay un amplio dormitorio con su propio baño, ducha y lavadero. Suelos de parque, aire acondicionado, acabados de calidad, estilo práctico y moderno. Apartamento se encuentra a 2 min. de la estación de metro Poblenou, Rambla del Poblenou, Avenida Diagonal, tiendas, locales comerciales, restaurantes y colegios. A 10 minutos andando de la playa. La zona se moderniza tecnológicamente con nacientes actividades turísticas. Alquiler disponible a partir del 1 de enero de 2023 Visitas con cita previa. ______________________________________________________________________________________________ Spain Costas - es una inmobiliaria internacional de alta eficiencia en compraventa de propiedades en Barcelona ciudad y la costa cercana.  Compra - Venta - Alquiler - Administración - Personal Shopper Inmobiliario  Contacta con nosotros para vender o comprar una propiedad sin estrés, con seguridad y rapidez.",False,good,True,18.0,False,
26,26,99967965,21,8,1500.0,penthouse,rent,92.0,True,2,2,Calle Madrazo,Barcelona,Sarrià-Sant Gervasi,Sant Gervasi - Galvany,https://www.idealista.com/inmueble/99967965/,2889,"Ático con gran terraza y muy luminoso en Barcelona, zona Sant Gervasi-Galvany de 83 m2 de superficie útil. Consta de un salón comedor, una habitación doble, una habitación individual, una habitación de servicio, un baño completo con bañera y otro con ducha, cocina equipada con horno, vitrocerámica y campana extractora. Carpintería interior de madera y exterior de aluminio / climalit. Suelo de gres. Calefacción y aire acondicionado bomba frío/calor. Orientación sur.    Extras: ascensor, conserje, centros médicos, colegios, excelente comunicación, tren, supermercados, vistas despejadas, zona de paso. Alquiler: 1.500 €/MES.",False,good,True,16.0,False,
65,15,82777644,5,1,1500.0,flat,rent,90.0,True,2,2,"Muntaner, 440",Barcelona,Sarrià-Sant Gervasi,Sant Gervasi - Galvany,https://www.idealista.com/inmueble/82777644/,3325,"Piso recién rehabilitado, silencioso y con frente al impresionante parque de Monterols. Consta de un amplio y luminoso salón comedor, una cocina grande, dos dormitorios y dos baños completos. Tiene calefacción individual con Gas Natural y aire acondicionada. Planta: principal. Finca con ascensor y servicio de portería. Se alquila semi amueblado.   Ideal por zona! En la calle Muntaner, al lado de Plaza Adrià y muy cerca de la Ronda de General Mitre. Cerca de FGC y parada de autobús.  Para más detalles no dudes de contactarnos a 636 214 209.",False,good,True,17.0,False,
6,6,100022655,14,3,1500.0,flat,rent,106.0,True,2,1,Via Laietana,Barcelona,Ciutat Vella,El Gòtic,https://www.idealista.com/inmueble/100022655/,390,"Piso en Alquiler en Barcelona, en la zona del Gótico. Ubicado en una de las zonas mas céntricas de Barcelona a 1 minutos caminando de la para de Metro Jaume I (L4). Consta de un Salón comedor amplio y muy luminoso exterior a la calle, cocina abierta al salón equipada con aire acondicionado. 2 habitaciones ( 1 doble exterior) y ( 1 simple pequeña interior). Baño con plato de ducha. Finca Regia con Ascensor. 1.500 €/mes 2 meses de Fianza 10% de la anualidad + IVA.",False,good,True,14.0,False,
